tran,loudest_slot,slot0,slot2,slot4,slot6,slot8,slot10,slot12,slot14,slot16,slot18,slot20,slot22,slot24,slot26,slot28,slot30,slot32
0,0,382.897,17.911,10.2825,17.1955,118.492,1.4569,16.0452,15.2438,0.87694,61.0662,13.6177,2.85059,12.8119,34.3875,10.7374,2.76432,9.96813
1,0,335.204,36.1919,19.3665,30.8745,42.2524,13.2529,7.77184,8.85727,4.53932,8.27836,3.72221,6.19333,4.43946,3.42448,2.20261,2.09612,2.72163
2,0,381.72,29.7576,13.4169,25.8255,102.913,15.8724,22.978,19.4414,4.06142,39.7577,15.1999,5.11427,11.2291,12.9092,6.81616,2.93945,5.18187
3,0,373.21,18.6751,22.508,16.9826,114.636,6.16281,15.7939,14.856,1.0682,58.2146,13.1642,3.45112,12.2433,32.034,9.98823,2.79145,9.21196
4,0,368.838,29.1375,3.48015,13.1232,117.685,4.28804,12.5237,12.036,1.69345,64.3624,10.9847,1.31354,10.8495,40.2648,9.46316,1.42895,9.46293
5,0,370.836,16.5159,2.2714,15.4098,114.566,2.54252,14.627,14.1703,2.02756,58.931,12.2068,1.90963,12.0475,32.9342,9.44583,1.88267,9.37113
6,0,362.638,31.4809,13.7732,31.255,98.1671,7.82668,24.4555,24.4246,4.04243,37.1482,15.4337,3.45108,15.412,11.4301,6.83013,2.8589,6.82211
7,0,332.299,32.8686,7.56892,26.8737,50.7521,19.6734,5.9801,5.58428,3.81102,5.21375,5.11743,2.02103,5.26862,0.705703,2.46606,0.669434,2.47829
8,6,27.462,33.2492,5.60883,36.8943,1.6825,0.472572,20.5405,0.328589,4.91053,0.624276,0.301438,0.153668,0.876585,0.113298,0.152367,0.125471,0.159687
9,2,13.0135,292.747,20.7501,30.8018,20.4488,30.3252,13.7847,39.4945,8.43702,7.14213,5.98103,5.05149,1.47191,4.03395,5.78333,3.49692,3.90789
10,2,8.38595,329.599,8.59645,24.3735,5.43183,24.4882,6.01519,90.6802,9.37235,4.50021,19.6347,18.8069,3.76266,8.1389,35.4695,1.96257,12.4217
11,2,8.2013,322.998,12.9785,15.2359,5.47601,15.1306,2.47308,99.9448,6.86994,1.89755,14.4224,13.556,2.2821,3.0305,51.0026,1.07942,12.1866
12,2,8.12322,313.086,13.1191,11.657,3.1676,11.5674,2.4536,100.455,7.14674,2.4162,11.7217,10.8428,2.18621,3.23089,55.1028,1.21459,10.786
13,2,14.0412,322.817,8.93576,21.0691,2.81843,19.9772,1.29513,91.4698,8.13881,2.00885,16.3151,15.3762,2.16505,6.20801,38.8176,1.4173,10.2389
14,2,7.20651,33.2636,6.95182,10.3456,5.07849,3.81525,1.8269,2.00637,2.36412,2.50956,2.40116,0.810512,2.10786,1.6065,1.16062,1.0699,1.11975
15,2,9.06516,310.708,8.92337,16.3553,3.93027,13.0414,3.43351,87.2212,5.49418,4.75121,10.9146,10.6269,1.79271,2.76198,36.2395,3.22882,6.62167
16,2,8.37262,277.683,22.3761,10.6603,8.18783,12.539,6.28497,88.2739,8.73902,2.98853,9.42712,10.1213,1.6552,4.38774,47.5232,2.78711,9.29862
17,2,44.4286,291.823,126.268,16.6086,8.11226,13.6637,37.1201,77.7624,45.8,5.88569,11.4309,7.67522,11.1046,19.5595,20.8652,34.0269,11.5273
18,4,57.8961,194.748,274.654,56.3649,29.5384,18.7704,14.0045,9.06668,59.034,54.3023,34.3583,7.6051,10.8994,10.3788,4.08992,4.07691,32.8633
19,4,13.3068,55.8331,366.513,49.6356,12.4569,12.5635,8.99001,12.2986,5.88562,49.5906,92.3358,36.07,14.9874,6.36332,7.12745,7.96394,6.22776
20,4,2.94095,4.08307,380.498,4.27299,6.38971,15.8529,1.61799,15.4425,2.12634,1.74366,120.702,3.09152,1.6785,3.14571,14.705,14.4612,2.40753
21,4,4.05364,23.8381,362.129,15.8089,8.4111,17.6679,4.45406,17.2257,1.40435,1.79364,111.453,0.955233,1.31415,1.56104,15.9202,15.6687,0.492786
22,4,4.86687,4.96534,362.152,3.63617,4.34606,27.9222,1.44232,27.3693,3.53392,3.36033,99.4483,3.52079,2.80691,2.72508,21.7056,21.4468,2.66761
23,4,8.45165,12.5441,332.845,13.661,8.47959,44.2085,1.98238,44.0913,7.9341,4.24998,42.9775,2.39864,7.99115,3.14506,9.87325,9.87671,2.33935
24,2,18.4713,36.9774,26.5619,16.2456,13.4971,5.36297,8.4611,9.25823,4.97312,5.52937,4.18956,1.1929,4.38958,1.45718,0.285649,2.81447,1.17487
25,6,1.14272,20.1561,9.78732,269.372,7.23721,8.60406,1.04604,34.6254,2.16005,34.5777,1.78668,6.5367,1.00839,31.4205,2.27079,6.5562,1.65026
26,6,2.48405,23.4864,7.04635,311.689,6.49077,6.36082,2.22217,24.3942,1.18612,22.7386,1.18707,3.68108,2.65918,84.652,5.26365,1.93531,2.7312
27,6,31.487,24.2545,27.5426,326.889,8.36638,3.52469,2.15953,9.52421,2.6731,8.73504,1.93176,1.23781,4.56892,101.257,6.35928,2.10509,1.24967
28,6,1.34464,40.9702,9.91198,333.924,19.3545,3.47932,2.3611,9.95107,4.64445,9.08294,1.90948,1.23884,4.04047,106.249,6.35891,2.21065,1.428
29,6,9.30638,7.64964,11.8547,310.191,89.8038,7.40845,4.96688,16.0235,6.8952,18.1446,2.8296,9.36934,5.18504,94.6163,6.11825,2.34606,11.0372
30,6,6.06394,23.1595,8.52287,340.38,62.7272,6.15112,5.0469,22.7439,4.06596,18.8681,2.15928,8.4027,2.91519,94.8855,5.78832,2.88659,17.0667
31,6,5.81652,26.3698,7.23317,284.774,98.5036,8.53597,5.67152,41.6188,5.40524,38.6641,3.21098,7.8163,1.71353,36.3504,2.15125,7.06297,29.4451
32,8,10.8341,9.70648,14.048,27.8856,72.8854,8.15172,3.80053,3.63626,1.78054,2.58331,4.14911,4.77556,4.33412,3.57937,2.93689,2.49995,22.4835
33,8,52.7435,61.9741,7.3802,31.5956,123.086,7.66867,16.1709,2.83539,15.9149,6.45496,6.00009,6.08325,1.06132,2.19281,1.38407,1.86757,36.8008
34,8,37.357,38.1253,16.9848,10.6865,106.199,16.3109,3.0858,3.07203,3.08376,6.71951,0.954905,6.90355,1.99064,1.05225,1.45287,2.08474,28.7871
35,8,29.4269,46.8151,33.324,28.6763,97.5097,13.7833,4.40907,4.41774,3.71579,11.9433,2.03984,11.759,2.11608,2.87579,2.10459,1.22857,13.4596
36,2,2.84105,100.677,1.76127,10.9845,10.524,5.48466,2.84704,1.16639,2.84505,1.72884,1.78121,0.373912,1.06576,0.158405,0.23924,0.0829167,0.036362
37,10,30.2588,65.1919,15.5111,26.7008,14.9748,283.399,9.53368,4.5345,4.20648,7.54174,9.42003,16.599,2.03426,16.524,9.58116,7.80344,4.50829
38,10,14.8332,50.0636,1.89791,11.1537,7.15803,308.702,8.58651,2.9596,1.48247,1.63267,0.742784,18.6184,1.2738,18.4778,0.792333,1.99341,0.430163
39,10,2.61634,7.79616,4.98118,3.21179,10.3339,352.515,9.08721,3.29829,1.87137,1.87666,0.904936,15.7605,1.19617,16.0029,2.01167,2.09178,0.54428
40,10,5.6206,21.7812,8.49057,6.19773,8.2562,314.4,7.64548,4.20558,2.26149,1.84711,1.83527,14.0113,1.47096,13.6093,2.00137,1.82284,2.58737
41,10,4.92265,25.0031,12.7895,11.7334,50.5286,321.996,107.703,8.57206,3.24145,3.50523,5.74169,13.8065,6.23684,11.5997,4.13101,7.65077,5.27177
42,12,11.7594,12.3829,20.1122,34.6874,67.5339,225.828,255.528,65.7234,33.3948,18.774,11.5274,7.4533,10.05,4.63901,10.0202,3.9241,3.49692
43,12,5.17163,29.8924,8.35281,11.2208,13.5374,60.9828,347.75,53.7154,13.8331,4.22109,3.07641,5.19436,6.41813,18.5963,8.46499,17.6427,9.27359
44,12,2.372,10.0799,3.90097,9.51936,5.65213,8.46757,360.087,7.86041,4.53648,1.77652,1.67452,2.73611,0.924594,13.345,0.633102,12.6706,0.701993
45,12,1.88738,3.78919,2.05916,5.64002,5.4668,17.3799,389.026,18.612,1.68106,0.869689,1.69104,1.61645,1.99592,17.6534,2.64493,17.6743,0.973356
46,12,3.98232,47.5302,2.33191,7.73563,6.88104,15.2971,361.514,38.3939,9.54868,4.50597,2.61775,7.81741,1.54047,24.3734,4.20041,24.8341,3.3818
47,12,2.62944,13.4934,10.44,3.335,4.35626,9.23958,341.639,68.2947,10.7394,3.134,5.5276,1.52825,1.09941,21.0118,1.01741,19.9853,1.82375
48,14,22.5613,16.8231,35.2945,7.82073,13.716,4.71526,23.0617,100.515,10.1594,3.51415,5.7769,1.70932,1.35086,2.42663,1.19088,4.03487,0.788671
49,14,13.1054,44.932,10.7267,11.7164,4.4388,5.30704,13.6624,107.524,9.6264,3.11202,1.93753,1.29975,1.09309,1.2513,1.2544,5.96637,1.97464
50,14,2.22911,31.1084,0.803128,9.12037,4.17833,4.27687,15.7899,113.503,12.7989,4.23342,1.85352,1.223,0.986116,0.828522,0.916824,6.23363,0.726154
51,14,21.9137,47.6289,23.7292,5.1868,10.1891,3.94704,9.28205,97.3392,9.22186,2.67918,1.21492,0.379523,1.71257,0.582887,0.66513,8.86047,1.29306
52,6,18.1171,9.62168,2.78761,23.6199,11.3265,4.17772,8.29928,6.12187,6.58822,0.517702,0.690232,0.151308,0.181866,0.0416801,0.143626,0.0785471,0.0654606
53,16,19.8948,31.5965,10.8841,19.609,12.0811,4.25078,4.45899,4.53044,352.687,4.48762,4.74834,2.64311,3.65866,5.20257,6.18366,8.49819,12.292
54,16,1.83973,14.945,3.28334,2.68066,5.67808,13.5625,3.88127,2.66056,365.101,2.1971,3.904,3.49348,3.65754,3.55527,2.66763,6.03776,2.94356
55,16,27.5157,36.0506,12.7458,13.8152,9.32448,2.94159,5.67612,2.06801,357.995,1.99878,4.04789,1.2059,2.92243,4.58377,2.40688,7.65903,0.824576
56,16,3.79158,29.4191,1.82877,14.0567,5.01721,6.16738,5.54145,7.72624,345.203,7.77343,5.40239,3.31102,2.15898,1.16265,1.66868,3.05317,3.14457
57,16,4.96987,28.8895,9.12865,3.68238,3.09244,3.54531,3.47787,0.739954,368.787,0.954537,3.48071,1.55664,1.4273,0.670048,0.336463,0.970853,0.657734
58,16,8.036,23.2679,0.986748,1.43826,2.24303,1.56447,5.41804,6.34164,357.918,6.25245,5.96987,1.57674,2.71424,1.61245,1.01328,4.64554,3.6619
59,16,1.19552,19.1779,13.4508,10.4119,6.20944,6.71432,1.1573,1.34175,382.941,1.22219,1.31944,4.54872,4.52194,6.4185,8.8737,5.44145,1.13752
60,6,3.90555,28.036,27.1165,43.7303,13.8996,10.716,6.96693,12.3466,25.8297,2.16527,10.3696,0.810423,0.857336,9.89246,0.262647,0.717657,0.486432
61,18,14.1103,6.25968,17.6508,8.98788,8.77523,2.84098,7.77509,5.99866,1.53029,364.306,1.5275,3.15438,2.10617,0.440024,3.74619,1.11982,7.83672
62,18,1.70131,9.04364,15.4163,6.92637,7.85226,2.17724,4.92136,6.27267,7.82625,415.976,8.5254,3.21851,1.8684,4.45606,1.18628,2.14709,2.07487
63,18,3.09941,18.3453,8.36952,2.501,5.02926,1.54013,4.51923,4.71398,7.62118,392.153,7.98633,3.86093,1.78899,2.57924,1.11757,1.03699,1.51017
64,18,2.71759,15.7155,4.38676,3.37629,2.26808,3.81098,1.69093,2.44085,1.45219,372.15,1.7904,2.40258,1.69124,7.33995,2.02862,2.775,2.92807
65,18,0.862824,0.811935,1.74028,13.7085,1.39549,0.747905,1.737,2.93667,2.31871,370.139,1.29006,2.81117,0.389587,1.92723,0.316636,0.767568,0.73126
66,18,1.07945,9.18817,10.6061,6.33088,4.40375,2.01536,3.99608,3.83177,2.7041,360.402,3.28231,4.11766,3.34827,1.41683,4.20888,5.80332,1.91498
67,18,5.06123,6.36685,5.60067,15.491,1.77931,1.63208,6.76305,5.27734,5.4762,353.946,1.71698,5.30741,1.31571,0.512933,0.407254,1.25505,0.462076
68,0,63.874,42.3386,47.3858,23.474,11.3984,8.88977,1.54817,3.40199,1.02513,21.6526,0.656424,1.00433,0.606165,1.29092,0.383394,0.98486,0.446437
69,20,1.92723,23.1125,6.79913,5.12497,8.98597,11.5168,1.12661,2.58004,8.24327,1.63159,350.205,1.64868,8.27487,0.810823,1.10957,0.753121,0.649908
70,20,2.98517,22.9804,2.14935,7.2207,8.75133,1.94364,7.11454,2.76381,4.81049,3.56555,357.185,4.00289,3.5495,3.36974,1.37584,1.16953,0.630258
71,20,1.91081,21.2491,2.00939,8.03035,4.38075,0.471898,3.89832,1.01163,3.54918,2.04834,366.336,3.61383,3.507,2.65908,2.08776,0.929044,1.85107
72,20,17.4961,13.4148,11.8008,4.00863,2.14959,0.574518,2.58091,3.58727,1.43036,3.36343,370.597,4.50274,1.75494,4.08693,2.14312,0.786048,1.5374
73,20,3.9717,6.31176,20.7339,5.36308,10.3596,5.31439,1.89442,4.52269,2.46767,3.31204,366.175,2.96322,2.61621,3.33416,0.857043,1.35544,1.81349
74,20,12.7439,14.805,15.2246,5.08805,7.57738,7.02977,7.87908,4.01523,1.71828,6.41176,372.1,3.96773,2.04049,5.90736,3.31304,3.40779,2.11802
75,20,1.27332,26.4585,6.25744,13.0439,7.47665,2.2045,2.95475,3.05726,2.97686,2.67749,335.274,1.66776,2.83674,1.92162,1.05486,1.75232,1.17378
76,2,5.29949,39.413,11.9535,20.5946,20.8086,5.70787,19.9558,0.676346,10.9448,5.97744,25.7597,0.91646,3.34272,0.256191,0.949733,1.2618,0.941661
77,22,0.490308,18.3773,4.23488,3.60858,4.61744,1.35012,3.04238,2.18473,1.73166,5.19128,1.88456,366.004,1.9034,5.15349,0.451073,2.2616,0.371435
78,22,8.71375,42.3642,7.10573,4.49994,1.34863,1.01343,1.30608,1.69073,0.587152,1.36983,2.10828,378.834,2.12047,1.50468,0.515171,1.35868,0.276781
79,22,5.70789,7.79156,3.7666,1.73929,2.72153,1.33132,1.29994,1.64686,1.01851,3.46957,3.17453,370.613,3.10157,8.04861,0.66538,1.40416,0.65784
80,22,18.4123,11.5947,15.2399,1.54241,7.54033,1.1472,0.588005,6.0073,1.38081,9.76846,4.46217,369.561,1.57758,16.7199,1.50614,1.3683,0.855487
81,22,9.52008,13.6526,9.78495,2.91465,2.36991,1.92582,0.99385,3.449,1.42218,4.7331,2.34146,355.453,1.48477,6.81211,1.31798,1.53866,0.470389
82,22,6.9591,24.3476,1.37479,3.08425,2.5131,1.70173,1.3065,2.21306,0.906512,6.06832,1.37368,342.866,1.33192,6.14369,0.772343,2.17922,0.492977
83,22,14.1963,15.3841,4.11705,5.70062,4.89613,5.64604,6.94469,2.31722,3.86536,11.1555,4.99401,324.515,4.15822,8.86606,2.02326,3.31409,3.70718
84,2,11.8178,39.9996,7.49847,27.3572,33.6757,22.5914,6.77309,4.15639,2.38784,2.55872,3.29132,14.4695,4.59194,4.35539,2.74617,1.45164,1.448
85,24,21.1979,17.5255,7.68337,7.21019,5.63079,10.3252,6.8803,8.1402,5.95001,4.38308,2.99939,4.42849,317.727,3.60541,3.96482,0.654108,1.3011
86,24,5.79052,29.2166,24.7827,14.1335,3.52376,1.98054,5.79732,3.62298,3.45887,2.73696,2.20598,1.32015,361.215,1.85927,5.57077,1.10997,0.809593
87,24,17.5688,21.0426,8.40069,21.1808,2.6648,1.4878,2.66691,1.99832,3.01491,1.98787,1.60294,1.60225,354.487,1.59902,2.39174,3.21612,0.586246
88,24,0.734347,7.46804,14.9725,5.38112,3.33786,9.32549,5.36621,6.71361,2.42578,6.87083,1.55353,2.61796,372.481,3.29646,1.24721,8.21535,0.771928
89,24,4.05955,22.4573,6.37031,5.82145,3.52208,2.99632,3.96708,3.65692,2.89367,3.96877,2.13796,1.98847,352.79,1.78506,2.98129,6.35397,2.47259
90,24,9.79115,42.506,3.6813,6.31838,3.21044,0.874586,5.48888,1.61289,6.13827,1.61202,3.41449,1.31356,349.227,1.30174,6.71624,0.495009,0.800769
91,24,7.92215,2.20408,4.80219,7.94639,3.22001,0.84684,3.78158,0.505522,4.15228,1.32809,7.13584,1.46194,324.246,1.72758,6.33621,1.66799,2.21292
92,2,1.57717,71.6732,30.3306,23.9871,42.9931,2.30814,22.2254,0.499535,12.486,0.572985,11.9976,0.369454,18.5506,0.2456,6.12695,0.315651,6.22843
93,26,10.1632,9.26581,15.7513,9.76341,20.0131,7.94871,7.35009,4.80799,2.76213,4.12285,4.18959,1.0628,4.0967,324.055,1.6745,2.3783,0.925397
94,26,5.95187,23.9539,9.7858,14.0884,7.04912,3.84601,3.85713,2.89048,1.85837,2.25573,2.58376,4.20145,2.07193,355.823,2.38928,4.82536,1.35684
95,26,0.507002,11.2227,4.47376,21.0366,23.9809,7.40995,7.61809,5.22684,5.02313,1.60625,4.93405,2.46299,4.51749,356.938,4.32187,2.57677,1.10496
96,26,4.02186,36.4732,4.1098,7.72575,7.41798,15.5172,1.26591,6.50311,1.09922,3.51447,0.968374,3.96435,2.31623,350.804,1.67899,3.9205,0.722349
97,26,4.2262,29.0448,5.14525,4.97751,4.6741,6.60336,0.635299,6.15458,2.07813,2.78293,1.35108,4.21231,3.28963,358.738,3.2936,4.00078,0.67642
98,26,4.84516,32.8699,1.56256,19.31,13.1072,0.911289,10.8173,0.970379,8.36872,1.4645,6.68616,4.66247,6.23986,351.28,2.50046,4.54636,1.55173
99,26,10.7656,31.2007,4.42716,11.2391,5.48284,1.39416,0.575241,1.32614,0.74622,1.16152,0.940377,7.3172,1.75081,340.195,1.53351,7.25221,0.965387
100,0,34.6404,25.2344,3.41269,9.42152,7.98637,3.67786,0.97326,0.34119,0.119787,0.29791,0.945278,1.26885,0.748065,22.2219,0.463802,1.28827,0.352443
101,28,2.23874,37.9587,8.62388,16.4598,10.1201,4.34725,8.50659,1.01273,6.17612,1.16955,3.77982,0.566034,3.594,1.58174,332.825,1.58311,3.63331
102,28,2.24923,38.3934,1.5662,3.7468,0.803382,4.36557,0.786208,0.228459,0.449953,0.330795,2.52357,0.299516,2.8795,1.47391,352.97,1.45328,3.18354
103,28,5.85328,33.2795,2.08706,15.0788,5.4276,5.82427,1.85618,0.339471,1.41636,0.875372,1.77037,1.63755,14.4,1.53835,346.324,1.56437,6.97433
104,28,10.617,12.5391,4.96992,5.84878,1.53023,0.834117,1.38063,0.781742,1.70672,0.630354,0.969706,0.725423,23.2158,2.79467,343.732,2.88143,15.6931
105,28,6.9032,16.8912,2.18916,14.2934,8.09149,1.98709,6.05095,1.12566,4.91193,0.893064,1.59172,0.622946,15.4386,1.47811,372.976,1.49956,8.12439
106,28,2.21994,28.3444,7.3771,19.6557,12.7475,0.448434,6.56517,0.215459,1.62617,0.436792,0.945503,0.353936,1.88435,1.58962,374.487,1.59708,2.28472
107,28,5.50911,54.435,4.83265,16.1978,10.1239,1.81068,8.83759,1.40025,5.31418,2.62773,4.585,0.474387,3.51894,1.40913,337.005,1.37646,3.51451
108,2,1.9185,76.5522,5.15506,13.7715,6.48543,1.03273,5.52606,1.63255,2.23633,0.84338,1.41587,0.443149,1.14639,0.922109,16.3146,0.577622,1.15638
109,30,16.7629,12.0106,10.9223,9.42743,2.45713,0.679012,2.54286,1.32022,1.09456,1.87498,1.94951,0.985098,0.604946,5.10043,4.49737,338.149,4.50388
110,30,0.831127,14.7831,2.12989,0.788855,1.23896,0.77892,0.223267,0.404887,0.14626,1.14842,1.14044,1.40993,0.318903,7.4624,1.3811,341.375,1.37145
111,30,3.35969,51.2437,2.41587,10.4959,2.55782,1.09557,2.54284,1.98747,2.06863,6.86221,7.33326,3.57603,2.6155,2.72205,2.62787,334.249,3.28443
112,30,0.386998,10.8235,1.13626,23.8903,9.46094,1.00339,8.62109,0.751392,6.42751,4.97231,4.45198,1.73305,1.02626,5.77432,2.38805,341.823,2.31191
113,30,0.252088,31.9021,3.46086,15.797,11.8056,1.62689,10.6151,0.732708,6.06888,6.23987,6.82361,1.40011,1.77503,2.05475,1.68666,365.188,1.60062
114,30,0.58227,21.9411,6.30174,15.3459,7.74612,0.430806,3.11768,2.00267,2.36847,0.690905,2.36598,1.18835,2.39114,2.93426,3.22912,356.721,3.1353
115,30,5.33659,32.0879,3.73863,14.0116,15.7991,2.63321,2.12754,3.49541,1.60447,1.2619,0.647382,1.08659,2.26809,2.61629,1.87206,368.794,0.990251
116,2,40.0449,95.1843,42.723,19.588,35.511,16.6286,27.6473,19.3137,8.06227,8.12943,13.3107,5.28838,2.60517,4.64004,2.68312,27.3017,0.840057
117,32,16.519,8.79748,24.4019,6.04197,11.5942,2.5595,5.34901,6.53834,1.71905,4.51728,0.959275,1.53333,1.96448,1.29931,5.86196,2.18421,353.748
118,32,0.665278,27.0924,2.49872,7.78216,7.12382,0.415703,2.79125,3.84725,1.93448,0.557284,2.3298,0.490838,3.38305,2.76594,3.06676,2.36475,357.084
119,32,2.10923,25.8475,15.9489,7.49808,11.14,0.666293,2.73587,6.69685,2.48512,1.93675,3.85532,1.00666,8.09443,8.07484,3.34863,3.24474,357.721
120,32,1.48816,25.9106,21.906,1.4446,8.164,1.43314,2.48368,5.89714,0.678701,1.48438,6.66969,0.507888,11.1852,11.6343,0.676783,2.27901,387.482
121,32,4.13184,36.9502,11.0879,3.48783,3.70324,1.49601,2.20822,3.87242,0.522968,1.33296,2.2054,0.639375,9.04273,8.89441,1.30346,0.921683,360.923
122,32,2.3342,31.9839,3.68584,3.42097,2.56358,1.33124,1.0631,2.26006,0.718505,0.960472,1.4731,0.545014,2.13785,2.81036,2.79029,1.08719,349.116
123,32,3.62595,8.50585,12.1587,13.2985,4.06062,1.20087,2.78718,3.83742,0.785259,0.973967,3.41428,1.35299,2.44485,3.27191,4.10437,3.91248,365.339
124,4,38.3459,20.9224,75.6776,35.2091,33.1007,41.6326,20.0295,1.34015,18.0619,14.5992,0.807085,9.25248,11.8815,2.21646,4.53736,11.3971,26.252
